{"cameraMode":{"drawMode":0,"name":"Shaded","section":"Shading Mode"},"sceneLighting":true,"audioPlay":false,"sceneViewState":{"showFog":true,"showMaterialUpdate":false,"showSkybox":true,"showFlares":true,"showImageEffects":true,"showParticleSystems":true},"in2DMode":false,"pivot":{"x":10.376413345336914,"y":6.255222320556641,"z":11.553808212280274},"rotation":{"x":0.12250334769487381,"y":0.762570321559906,"z":-0.1531158685684204,"w":0.6169335246086121},"size":9.494671821594239,"orthographic":false}