{"cameraMode":{"drawMode":0,"name":"Shaded","section":"Shading Mode"},"sceneLighting":true,"audioPlay":false,"sceneViewState":{"showFog":true,"showMaterialUpdate":false,"showSkybox":true,"showFlares":true,"showImageEffects":true,"showParticleSystems":true},"in2DMode":false,"pivot":{"x":27.107280731201173,"y":8.585029602050782,"z":-3.0136404037475588},"rotation":{"x":-0.07432247698307038,"y":-0.8844683766365051,"z":0.1523628532886505,"w":-0.4352038502693176},"size":22.016870498657228,"orthographic":false}